Feature,Importance
MASTER_INDUSTRY_CLEANED_Hospitality,0.11310980336660237
MASTER_COMPANY_SIZE_1-10,0.08466518995532031
MASTER_COMPANY_SIZE_11-50,0.0789195143124978
SERVICE_CPA/Accounting Advisory,0.03467335490117158
MASTER_INDUSTRY_CLEANED_others,0.031989320017033224
PROJECT_TASK_COUNT,0.029530332130619185
L3,0.02555104313522702
PROJECT_FREQUENCY_One Time,0.022948324102156546
BILL_RATE_TYPE_Fixed,0.022168846101783136
SERVICE_Full Charge Bookkeeping,0.019813378800003036
PROJECT_SIGNED,0.01921916885049945
BILL_RATE_TYPE_Hourly,0.019181786706426528
CITY_DENSITY,0.017183556456024734
MASTER_INDUSTRY_CLEANED_Banking,0.015219103779077732
CITY_Bronx,0.013811503420240673
PROJECT_FREQUENCY_Recurring monthly,0.013537783634928025
CITY_Lenexa,0.013503109894886558
MASTER_ANNUAL_REVENUE_0 - 1M,0.01187586914272346
CITY_San Carlos,0.011734210268016415
MASTER_ANNUAL_REVENUE_1M - 10M,0.011447125364804165
MASTER_COMPANY_SIZE_51-250,0.011253353031667747
SERVICE_CFO,0.01082271200166266
CITY_Los Angeles,0.010440129839711907
CITY_New York City,0.010368874615506386
CITY_Chicago,0.00916766740684373
STATE_No State,0.008840664484675761
CITY_Austin,0.008706161586486492
MASTER_ANNUAL_REVENUE_10M - 50M,0.008336151292026335
CITY_Atlanta,0.008315244970147897
CITY_San Francisco,0.008043072753198974
MASTER_COMPANY_SIZE_251-1K,0.00786414551072243
MASTER_ANNUAL_REVENUE_No Annual Revenue,0.007376755258300549
tax filings,0.00696764061145329
SERVICE_Tax Preparation,0.006188820272717254
gaap adherence,0.0060199752047270134
data visualization,0.005749533500394424
STATE_New York,0.005701097339859423
MASTER_INDUSTRY_CLEANED_Finance,0.004998279412399277
STATE_Tennessee,0.00454265626169602
CITY_Santa Clarita,0.0044991578600144435
MASTER_INDUSTRY_CLEANED_Business Services,0.004498920792831331
CITY_Baltimore,0.004219904092667168
CITY_Seattle,0.00408183775971782
CITY_Hồ Chí Minh,0.004076294154151145
MASTER_COMPANY_SIZE_No Company Size,0.004021658636459941
MASTER_INDUSTRY_CLEANED_Real Estate,0.003857289607995881
CITY_Arlington,0.0037897260609621197
CITY_Ocean Ridge,0.0037335781979347415
MASTER_INDUSTRY_CLEANED_Retail,0.003668477110394709
CITY_Newport Beach,0.003519190877468999
audit services,0.003414931761200591
CITY_Bainbridge Island,0.003354202789478146
budgeting & forecasting,0.003333408993008177
MASTER_ANNUAL_REVENUE_50M +,0.003085094261398161
CITY_Littleton,0.0030458624165027428
CITY_Boca Raton,0.003020011655607912
CITY_Westport,0.003007394867295904
CITY_Riverside,0.0030064309672823562
full charge bookkeeping,0.002949589063238165
CITY_Guernsey,0.0028962661258160076
CITY_Pago Pago,0.0028720474697617364
SERVICE_FP&A,0.002870034896480758
strategy,0.0028112982670045407
financial reporting,0.002769673795829784
tax advisory,0.002613432269600483
CITY_Stamford,0.0025896395625216485
CITY_Naples,0.0023212759170208436
business operations oversight,0.002304109278150106
accounts receivable,0.002239539587941994
CITY_Houston,0.002237524926227187
MASTER_INDUSTRY_CLEANED_Construction,0.0021594149075632872
accounting standards,0.002139988063849016
transaction processing,0.0021355101020698996
CITY_La Quinta,0.0020974736932262523
CITY_Darien,0.0020798997624038914
CITY_College Park,0.0020428394415522573
CITY_Portland,0.0019351607311570264
MASTER_INDUSTRY_CLEANED_Software,0.0019009463123583611
CITY_Downey,0.001874892682244383
CITY_Singapore,0.0018492565080561534
reconciliation,0.0018157836157744911
CITY_Overland Park,0.0017583153577422897
analysis,0.001729533018384477
CITY_Miami,0.0016229840193729308
STATE_Illinois,0.0016115066263156128
CITY_Southfield,0.001594819661458963
accounts payable,0.0015643547837812801
STATE_California,0.0015235478438296271
CITY_Englewood,0.0015183134298585863
startup services,0.001506585683366351
current state assessment,0.0014517504239276368
MASTER_COMPANY_SIZE_1000+,0.0014433338430982787
CITY_Vista,0.001418436694862169
CITY_Pasadena,0.00140566175540698
CITY_Lakeland,0.001400176142132892
CITY_Orlando,0.0013928980052099421
CITY_Lombard,0.0013690983490058381
MASTER_INDUSTRY_CLEANED_Manufacturing,0.0013205707185703095
CITY_Irvine,0.0012985675448434905
CITY_Nashville,0.0012960283662156954
CITY_Manteno,0.0012914925943396272
CITY_Casper,0.0012237957257154673
CITY_Jacksonville,0.001221867348675511
CITY_Wellington,0.0011905141019290628
MASTER_COMPANY_SIZE_10-50 Employees,0.0011732324099025825
CITY_Ketchikan,0.0011631202790868943
CITY_Albuquerque,0.0011134983541997339
controller oversight,0.001051866116903227
CITY_Manhattan Beach,0.0010505366787674083
CITY_Pensacola,0.001031348753176385
CITY_Detroit,0.0010241400017430612
STATE_Nebraska,0.000999490870667874
CITY_Worcester,0.0009932803435010842
CITY_Port Washington,0.0009230652783762443
CITY_San Diego,0.0008860297799248344
CITY_New York,0.0008796289742278854
STATE_Florida,0.0008780979491172725
CITY_Plano,0.0008742499053294168
payroll,0.0008572438638240114
CITY_Herndon,0.0008277847828022955
CITY_Billings,0.0008160905570529284
CITY_Manor,0.0007952842289119035
CITY_Santa Cruz,0.0007800499195597865
STATE_Maine,0.0007751250953105873
CITY_Wichita,0.0007707948865349126
STATE_Washington,0.0007705344392107448
CITY_Duluth,0.0007649704522463553
CITY_Andrézieux-Bouthéon,0.0007592190708969312
CITY_Denver,0.0007284241571769281
CITY_Malibu,0.0007062841234728837
equity and debt financing,0.0007049069774650985
CITY_Caguas,0.0006956634228591617
CITY_Saint Simons Island,0.0006881022359846644
accounting management,0.0006879783928977593
CITY_Berkshire,0.0006803870342021372
CITY_Bowie,0.0006730702501834217
CITY_Naperville,0.0006721795994954091
CITY_Big Indian,0.0006608709951355527
CITY_Park Ridge,0.0006493528306076863
CITY_Secaucus,0.0006456421168753355
CITY_Salt Lake City,0.0006415764950361108
CITY_Kaman,0.0006298829304170618
CITY_Wappingers Falls,0.0006165640673816703
STATE_Oregon,0.0006119065674175224
CITY_Albany,0.0006017458707282173
STATE_Texas,0.000577419742959764
CITY_New Orleans,0.000575334620368752
tax process review,0.0005579441114991812
STATE_Georgia,0.0005451712182377403
CITY_Lehi,0.0005394480296211282
CITY_Reno,0.0005386377088879149
CITY_Mukwonago,0.0005345745938127332
CITY_Louisville,0.0005331107487674662
CITY_Boston,0.0005281522971170491
CITY_Denton,0.0005195505160155346
CITY_Champaign,0.0005166418469759268
CITY_Corvallis,0.0005142959327803574
CITY_Langley,0.000506104661936041
CITY_Washington,0.0004983109887001879
CITY_Lafayette,0.00048219335970516795
CITY_Laconia,0.00046943614175801976
CITY_Birmingham,0.0004577156135808473
STATE_Colorado,0.00045037087948181004
CITY_Teaneck,0.00043869095564933743
CITY_Charlotte,0.0004381752168703283
CITY_Cercado de Lima,0.0004369120148757461
CITY_Folsom,0.00043657824212658714
CITY_Marietta,0.00043432403722634406
CITY_St. Louis,0.0004340210078600982
CITY_Santa Monica,0.0004099675870727742
STATE_New Mexico,0.0004092007046956707
CITY_Redwood City,0.00040660452590215974
CITY_Lauderdale Lakes,0.00040617269639065055
CITY_Parma,0.0004060774664967648
CITY_Edgewood,0.0003939986365365718
MASTER_INDUSTRY_CLEANED_Accounting Services,0.00039351425008767233
CITY_Red Bank,0.00038423294171976736
CITY_Carmel,0.00037241302024201915
CITY_New Braunfels,0.00036591670786754587
CITY_Bloomfield,0.0003652276487292637
CITY_Dallas,0.0003627184204330648
CITY_Santa Clara,0.00035437924702406325
CITY_Palo Alto,0.00035195729405574624
CITY_Branson,0.0003508623724173659
STATE_Arizona,0.0003469352969331971
STATE_Louisiana,0.00034428082455729097
CITY_Brooklyn,0.00033418514599391853
STATE_Wisconsin,0.00033185961613593496
CITY_Tualatin,0.0003314597320193112
STATE_Massachusetts,0.00032987168567367157
CITY_Alexandria,0.00032850374240373263
CITY_Quincy,0.000318192017080534
STATE_Utah,0.0003104029536837008
setup services,0.0002938518264154271
CITY_Sparta,0.0002922854634594517
CITY_Honolulu,0.00028856855622375147
STATE_Missouri,0.00028791441497051
STATE_Kansas,0.00028531341204566683
MASTER_ANNUAL_REVENUE_Pre-Revenue,0.0002840128107781242
STATE_Indiana,0.00028368790342469846
CITY_Santa Barbara,0.0002786850675192876
CITY_Sacramento,0.00027724442969166154
CITY_Lantana,0.0002737687175980473
STATE_Alabama,0.00027376842725055565
CITY_Covington,0.00027202022972748225
STATE_Connecticut,0.0002715809408620156
CITY_Sullivan,0.00026658578047322355
CITY_Vancouver,0.0002626478528499851
CITY_Manassas,0.000262071861601074
CITY_San Jose,0.0002609910113838441
CITY_Kansas City,0.00026001227125797046
STATE_North Carolina,0.00025777343778823306
CITY_Centerville,0.0002563460952073422
STATE_New Jersey,0.00025244583411679843
STATE_Hawaii,0.00025183006014249204
CITY_Lincoln,0.00024873527249266817
CITY_Waukegan,0.00024729834325526613
CITY_Cambridge,0.0002456925339020532
CITY_Philadelphia,0.00023574297716582557
CITY_Phoenix,0.00023520839895087566
CITY_Voorhees Township,0.00023471812080646785
CITY_N. Brunswick,0.00023440798564685605
STATE_Maryland,0.00023275989834398007
CITY_Fort Washington,0.0002289175599104492
CITY_Amsterdam,0.0002270813014815082
CITY_Brentwood,0.00022427444361808183
CITY_Spokane,0.00022271606795387522
CITY_Hazel Crest,0.00022132947368652637
CITY_Barrington,0.0002199498372569424
CITY_Ann Arbor,0.0002192503769432392
CITY_Greenville,0.00021849671846452728
CITY_Carlsbad,0.00021407605835792423
CITY_Nanjing,0.00021204619585078274
corporate development,0.00020945089226607447
CITY_Pittstown,0.0002093423049647453
CITY_Deerfield Beach,0.00020674473139207768
CITY_Aurora,0.00020452318703882588
CITY_Farmington,0.0002040611212425228
STATE_Nevada,0.0002040253799249948
CITY_Chattanooga,0.00020396759765072995
CITY_Montgomery,0.0001913091787561042
CITY_Scottsdale,0.00019053662884816426
modeling,0.0001902319159977746
CITY_Buenos Aires,0.0001898686231180452
CITY_Boulder,0.00018874076544481779
CITY_Homewood,0.00018847956613682868
STATE_District of Columbia,0.00018728445466572718
CITY_Hollywood,0.00018653920372270857
CITY_Madison,0.00018570391061753746
CITY_Stoughton,0.0001832951623373069
CITY_London,0.00018183124767253136
CITY_Falls Church,0.00018107239487620896
CITY_Hellerup,0.00018097223822384742
CITY_Greer,0.00017949863911826417
CITY_Prior Lake,0.0001759536121007066
CITY_Grosse Pointe,0.00017439395723565132
CITY_Zetland,0.00017377774743305882
CITY_Dubuque,0.00017301645692853818
CITY_Westerville,0.00016506158602249267
CITY_Cuauhtemoc,0.00016500069820793304
CITY_Sint Niklaas,0.00016441711935950203
STATE_Alaska,0.00016178998754032284
CITY_Wentzville,0.00015950158732815317
CITY_Braunfels,0.0001590368045446869
CITY_Clarksville,0.00015218293901123934
CITY_Jersey City,0.00015073029857562182
CITY_Las Vegas,0.00014894316748522378
CITY_Paris,0.0001470575482403084
CITY_Harrisburg,0.0001427846721362267
CITY_Waverly,0.0001423626772286037
CITY_Burien,0.00014226592378687066
CITY_West Palm Beach,0.00014205425731819504
CITY_Richland,0.00013893342551556462
CITY_Damascus,0.0001384848789533111
CITY_Hayward,0.00013787096124609805
STATE_Virginia,0.00013780269472514953
CITY_Anaheim,0.00013177763599689777
CITY_Plainville,0.0001316312275484651
CITY_Ozark,0.00013021322368436366
CITY_Dania,0.0001279482811541889
assessment,0.00012698675453123756
CITY_Boynton Beach,0.00012632272027747254
CITY_Sunset,0.0001260712062828528
CITY_San Antonio,0.0001255530256663656
CITY_Edmonton,0.0001240955681197912
CITY_New Haven,0.00011925182834750562
CITY_Buffalo,0.00011768182704385621
CITY_Murrieta,0.00011755606320540568
STATE_Michigan,0.00011646606094114775
CITY_Mountain Top,0.00011327986908031686
CITY_Parsippany,0.00011234455510227507
CITY_Raleigh,0.00011193154046055899
CITY_Emeryville,0.00010804210336314055
CITY_Stone Mountain,0.0001076816906038723
CITY_Tampa,0.00010604916037823448
CITY_Portsmouth,0.00010525707775010145
CITY_Orem,0.00010482009910750649
CITY_Mahwah,0.00010328019626446296
CITY_Coronado,0.00010234343277872588
CITY_Fort Worth,0.00010001253481504997
CITY_Atascadero,9.967426145309398e-05
CITY_Tacoma,9.86220373991507e-05
CITY_Plymouth,9.801904668001361e-05
CITY_Griffith,9.728050755925258e-05
CITY_Cranford,9.6954191088303e-05
CITY_Medford,9.536030964252466e-05
CITY_Shinglehouse,9.408252858907098e-05
CITY_Salina,9.374477593606491e-05
STATE_Pennsylvania,9.289060536434974e-05
CITY_Minneapolis,9.164557597115911e-05
CITY_Maitland,9.139559805129555e-05
CITY_Dublin,9.133163420510969e-05
STATE_New Hampshire,9.106278741098422e-05
CITY_Oklahoma City,9.064261923370079e-05
CITY_Lakewood,8.942351774973161e-05
CITY_Columbus,8.734241696476647e-05
CITY_San Clemente,8.673621201934811e-05
CITY_Richmond,8.422338348149945e-05
CITY_Warner Robins,8.167275813581941e-05
CITY_Issaquah,8.16568604444878e-05
MASTER_COMPANY_SIZE_181,8.067192967224628e-05
STATE_Ohio,8.043525800552084e-05
CITY_Nashua,7.921632943587412e-05
CITY_Winter Park,7.601822970871203e-05
STATE_Iowa,7.601167004295539e-05
CITY_Camarillo,7.552467673219505e-05
CITY_Staten Island,7.529938721077168e-05
CITY_Redding,7.460629611117369e-05
CITY_Basalt,7.431906886862371e-05
CITY_Frisco,7.421992569305123e-05
CITY_Aliso Viejo,7.348367357064524e-05
CITY_Florence,7.345631218450394e-05
CITY_Torrance,7.333754430192162e-05
CITY_Henderson,7.20556266315729e-05
CITY_San Fernando de Maspalomas,7.122239134657922e-05
CITY_Huntington Beach,7.027691472809449e-05
CITY_Levittown,6.974327653340573e-05
CITY_Saint Paul,6.882052844333502e-05
STATE_Minnesota,6.875283869448487e-05
CITY_Helensvale,6.826205493747568e-05
CITY_Bellingham,6.825849937243081e-05
MASTER_COMPANY_SIZE_0-10,6.801361069691803e-05
CITY_Concord,6.771709292599839e-05
CITY_Ft. Dodge,6.655961156764972e-05
CITY_Mc Lean,6.432830210322535e-05
CITY_Berkeley,6.427076924555927e-05
CITY_Oakland,6.399319367511633e-05
CITY_New Delhi,6.239463487523456e-05
CITY_Montclair,6.0528139396606624e-05
CITY_Beverly,5.877102811671398e-05
CITY_Los Altos,5.850546415012259e-05
CITY_Sumner,5.8276765038799755e-05
STATE_Delaware,5.779588786287861e-05
CITY_Baton Rouge,5.6665112743206556e-05
CITY_Tysons,5.5859878924300326e-05
CITY_Sterling,5.566784607744003e-05
CITY_Dayton,5.552759495575636e-05
CITY_Valencia,5.468045461040341e-05
CITY_Greenwood,5.414119191159948e-05
CITY_Healdsburg,5.392614754571707e-05
CITY_Upper Marlboro,5.3832184408147046e-05
CITY_Clewiston,5.36046961327664e-05
CITY_Mountlake Terrace,5.2608115954073466e-05
CITY_Lowell,5.201913217246694e-05
CITY_Summerville,5.07142821014194e-05
CITY_Spruce Grove,5.0151142152066046e-05
CITY_Lynchburg,4.991661810752966e-05
CITY_Orland Park,4.9196937109884776e-05
CITY_Highlandville,4.9092683315214304e-05
CITY_Middletown,4.817768752614998e-05
CITY_Rome,4.771495524245211e-05
CITY_Cincinnati,4.73007479092954e-05
CITY_Timonium,4.724658077926367e-05
CITY_Macomb,4.634748024942411e-05
CITY_Traverse City,4.5335685366081635e-05
CITY_Rockwall,4.522208329149228e-05
CITY_Decatur,4.52166746598768e-05
CITY_Granada Hills,4.520305926465822e-05
CITY_Chico,4.468267176574801e-05
CITY_Beltsville,4.445867241378507e-05
CITY_Narellan,4.443977617762781e-05
CITY_Snohomish,4.3459786749367475e-05
CITY_Jacksonville Beach,4.2392220400406676e-05
CITY_Fruitland,4.1578923511779826e-05
CITY_Redmond,4.146354946928817e-05
CITY_Gearhart,4.089008604459351e-05
CITY_Springfield,4.064863809315127e-05
CITY_S. Jordan,3.817059803776076e-05
CITY_New Castle,3.812618368697458e-05
CITY_Cottonwood Heights,3.7140490435769544e-05
CITY_Linthicum Heights,3.707375019961745e-05
CITY_Villa Park,3.6693947961246964e-05
CITY_Elk Grove Village,3.646553271989734e-05
CITY_McAllen,3.569763821584007e-05
CITY_Irving,3.5022793702969896e-05
CITY_Matawan,3.502041492189708e-05
CITY_Chantilly,3.5004225524740375e-05
CITY_Newark,3.4997743762706585e-05
CITY_Creve Coeur,3.490127903861088e-05
CITY_Largo,3.4242950734869306e-05
CITY_Green Bay,3.373607638935314e-05
CITY_New Bern,3.370691274808343e-05
CITY_Neptune City,3.2703180661457035e-05
CITY_Heath,3.256322845533603e-05
CITY_Bellevue,3.247666998300079e-05
CITY_Gahanna,3.237580826991819e-05
CITY_Katonah,3.216621359529514e-05
CITY_Peachtree City,3.1012598115914144e-05
CITY_Indianapolis,3.082061378685931e-05
CITY_Santa Ana,3.0706765168477936e-05
CITY_Rancho Cucamonga,3.0165106030413406e-05
CITY_McMinnville,2.978992878647444e-05
CITY_Winchester,2.947137888735166e-05
CITY_Merrillville,2.927600085951465e-05
CITY_Loveland,2.9116116677289087e-05
CITY_Rio Rancho,2.8788366846809765e-05
CITY_Blacksburg,2.847437252409434e-05
CITY_Sherman Oaks,2.8335742810252648e-05
CITY_Woodgridge,2.8332602754194934e-05
CITY_Miami Beach,2.727207213882281e-05
CITY_Fort Lauderdale,2.722262344420859e-05
CITY_Ciudad de México,2.6988239673627194e-05
CITY_Pawtucket,2.6911569478663076e-05
STATE_Kentucky,2.6849856285607968e-05
CITY_South Lake Tahoe,2.683043164890529e-05
CITY_Alpharetta,2.658158789799128e-05
CITY_Monterrey,2.6352316514192007e-05
CITY_Candler,2.57369477149178e-05
STATE_Montana,2.5697630462812637e-05
CITY_Jamestown,2.557666112269783e-05
CITY_Encino,2.5070093526838223e-05
CITY_Grapevine,2.4967468159522674e-05
CITY_Georgetown,2.49353657988212e-05
CITY_Wheeling,2.4889118337490772e-05
CITY_Framingham,2.4088533055188925e-05
CITY_Heber City,2.3802628025447873e-05
CITY_Milan,2.369590937344591e-05
CITY_Mesa,2.3405210697273705e-05
CITY_North Bergen,2.3305884161517717e-05
CITY_Petaluma,2.327437631621442e-05
CITY_Glenwood Springs,2.3153444058555853e-05
CITY_Canton,2.3114973121129643e-05
CITY_Bozeman,2.2901853774673023e-05
CITY_Port Saint Lucie,2.2886473684955244e-05
CITY_Bengaluru,2.2753792508976444e-05
CITY_Lewiston,2.2689945091083165e-05
STATE_Rhode Island,2.2488236782277385e-05
STATE_Oklahoma,2.2293644039155656e-05
CITY_Wakefield,2.178078644727402e-05
CITY_Waterloo,2.1414927720463644e-05
CITY_Stroud,2.1224674832610056e-05
CITY_Reston,2.1098277580889152e-05
CITY_Broken Bow,2.104490272953988e-05
CITY_Toronto,2.082396167388153e-05
CITY_Fishers,2.075379152697897e-05
CITY_Clifton,2.0301887165295424e-05
CITY_Provo,2.0266482522923136e-05
CITY_Lexington,2.0248056494027162e-05
CITY_Southampton,2.0065292865050094e-05
CITY_Burbank,1.9623429219214067e-05
CITY_Tucson,1.9481198201527543e-05
CITY_Whitmore Lake,1.9344114907224706e-05
CITY_Long Beach,1.9243998232131285e-05
CITY_Woodinville,1.9234894561303037e-05
CITY_W. Hollywood,1.9025574921393524e-05
CITY_Myrtle Beach,1.898265280941892e-05
CITY_Ferndale,1.8720045060153014e-05
CITY_Bingham Farms,1.8683050596768915e-05
CITY_Stratham,1.8501502261736685e-05
CITY_Mountain View,1.8381965066779853e-05
MASTER_COMPANY_SIZE_800,1.827034649562472e-05
CITY_Elk Grove,1.8251288926618648e-05
CITY_Princeton,1.8053019339030843e-05
CITY_Bonney Lake,1.7794017621602985e-05
CITY_Ossining,1.7785949348555118e-05
CITY_Wooster,1.7702349300693995e-05
CITY_Middlesex,1.7698460725714035e-05
CITY_Carrollton,1.7679895652317904e-05
CITY_Remote,1.7213777396471218e-05
CITY_Blaine,1.718115160742016e-05
CITY_Haddam,1.711571071084367e-05
CITY_Prosser,1.6949283587338098e-05
CITY_Mechanicsburg,1.669404077023378e-05
CITY_Cocoa,1.6424944586587568e-05
CITY_Matteson,1.638832330861667e-05
CITY_Norman,1.638618185021487e-05
CITY_Harker Heights,1.6102867950248406e-05
CITY_Liberty Lake,1.6098187698609545e-05
CITY_Pittsburgh,1.5870989789071815e-05
CITY_Wyalusing,1.5746496748493666e-05
CITY_Calgary,1.552099065713576e-05
CITY_Coburg,1.5438545698651777e-05
CITY_Katy,1.5395496323258677e-05
CITY_Morehead City,1.5313116170683452e-05
CITY_Alamogordo,1.5203822968713125e-05
CITY_Shreveport,1.5164894853580537e-05
CITY_Conshohocken,1.5121375742657118e-05
CITY_St. Petersburg,1.5112197508185949e-05
CITY_Sarasota,1.499907665069205e-05
CITY_Schertz,1.4535611657270347e-05
CITY_W. Palm Beach,1.4499345300130353e-05
CITY_Longwood,1.4278231111444367e-05
CITY_Cave Creek,1.4171015498041415e-05
CITY_Raynham,1.3878371132647633e-05
CITY_Oldsmar,1.3853244265326901e-05
CITY_Horsham,1.353387988968426e-05
CITY_Rockford,1.3520170782569186e-05
CITY_Yorba Linda,1.3414476015219564e-05
CITY_El Paso,1.3302672736197704e-05
process optimization,1.3250764545306423e-05
CITY_West Chester,1.2810335900912051e-05
CITY_Huntsville,1.271277913393671e-05
CITY_E. Amherst,1.266446828014282e-05
CITY_Schaumburg,1.251071011286346e-05
CITY_Milton Keynes,1.2504866393930206e-05
CITY_Menlo Park,1.2216956237544215e-05
CITY_Foster City,1.2177030345606218e-05
CITY_Hamilton,1.1883860336344492e-05
CITY_Ljubljana,1.1751251143748784e-05
CITY_Cactus,1.1482328413249506e-05
CITY_Marshall,1.1480785411517862e-05
CITY_Leça do Balio,1.1412731670052023e-05
CITY_Berlin,1.1343567312750394e-05
CITY_Weston,1.0964201557039236e-05
CITY_Somerville,1.093334119691223e-05
CITY_Stow,1.092319592891975e-05
CITY_West Chicago,1.0795060569517923e-05
STATE_South Dakota,1.0794323202231106e-05
CITY_Knoxville,1.0745455139884778e-05
CITY_Lemoyne,1.0684212735910957e-05
CITY_Little Rock,1.0644069130928489e-05
CITY_Bakersfield,1.0539036222733445e-05
CITY_Bensenville,1.0344883514594537e-05
CITY_Waynesboro,1.0032007932468354e-05
CITY_Nørresundby,9.887750709330732e-06
software implementation & optimization,9.398623563278267e-06
CITY_Palmdale,9.38674234535431e-06
CITY_Destin,9.382772028468125e-06
CITY_Burlington,9.382760493916758e-06
CITY_Aspen,9.367107694347652e-06
CITY_Fairfax,9.220874160433843e-06
CITY_San Mateo,9.035875721662479e-06
CITY_Almelo,8.928264520041794e-06
CITY_Sioux Falls,8.858403317624463e-06
CITY_Kenosha,8.85110738701088e-06
CITY_Rochester,8.756475716559146e-06
CITY_McKees Rocks,8.703838840079232e-06
CITY_Meredith,8.527043802029881e-06
CITY_Dover,8.487050801504175e-06
CITY_Yarmouth,8.412767642379582e-06
CITY_Union City,8.309122527764174e-06
CITY_Antrim,8.308706211995562e-06
CITY_Hartlepool,8.252942578453177e-06
MASTER_COMPANY_SIZE_Self-employed,8.242510545050838e-06
CITY_Glenview,8.190155454073963e-06
CITY_Bluemont,8.136384504124481e-06
CITY_Costa Mesa,8.116912099315456e-06
"CITY_Kiev,",8.026185974965926e-06
CITY_Beverly Hills,8.023943052755428e-06
CITY_Elmhurst,7.930643599681543e-06
CITY_Wilmington,7.9228542368873e-06
CITY_N. Conway,7.90260666641328e-06
CITY_Wexford,7.896109552932593e-06
CITY_Sausalito,7.780096276132693e-06
CITY_Steamboat Springs,7.735841897355658e-06
CITY_Ventura,7.688584545816961e-06
CITY_Providence,7.679797515781717e-06
CITY_Howell,7.665649023728595e-06
CITY_Gardena,7.51397391818639e-06
CITY_Bethlehem,7.454730998589083e-06
CITY_Sturtevant,7.355419855949162e-06
CITY_Eureka,7.34599169344096e-06
CITY_Parker,7.316380776632614e-06
CITY_Lilburn,7.25421732345119e-06
CITY_Nottingham,7.253339400822618e-06
CITY_Tukwila,7.250245858612185e-06
CITY_Erie,7.166677591590142e-06
CITY_Bolingbrook,7.000291373945388e-06
CITY_Muncie,6.9147780842502635e-06
CITY_Herriman,6.884281113754587e-06
CITY_Olathe,6.782434574909541e-06
CITY_Mariposa,6.782307393581097e-06
CITY_Magnolia,6.749575047744302e-06
CITY_Norcross,6.744665544319809e-06
CITY_Bradenton,6.586944516687452e-06
CITY_Clermont,6.534769110517256e-06
CITY_Thornton,6.51847092429197e-06
CITY_North Little Rock,6.502761526510746e-06
CITY_Burlingame,6.371508351845093e-06
CITY_Norfolk,6.361634808744737e-06
CITY_Pearl City,6.340622579279696e-06
CITY_Windsor,6.310958726002606e-06
CITY_Conroe,6.236159139368741e-06
CITY_Deerfield,6.203712387287187e-06
CITY_Dickson,6.148549683087468e-06
CITY_Red Oak,6.13357847274173e-06
CITY_Hulimangala,6.105667955681355e-06
STATE_Mississippi,6.0393684471532085e-06
CITY_Douglasville,6.022112651941209e-06
CITY_Ft. Lauderdale,5.917090183780892e-06
CITY_Kalispell,5.898679940056627e-06
CITY_Ft. Wayne,5.880208983776658e-06
STATE_South Carolina,5.7900656797637946e-06
CITY_Gladstone,5.731281139495161e-06
CITY_Salinas,5.730484758680555e-06
CITY_Onawa,5.714996079767237e-06
CITY_Plainview,5.6871856936582005e-06
CITY_McComb,5.634313513633661e-06
CITY_Coeur D’Alene,5.519229400915769e-06
STATE_Arkansas,5.478917664460534e-06
CITY_Kingman,5.315786734267547e-06
CITY_Tarrytown,5.279258116078276e-06
CITY_Arvada,5.242718366533767e-06
CITY_Crown Point,5.224905592956845e-06
CITY_Bedford Park,5.1715552751570325e-06
CITY_Laguna Beach,5.0747889118580395e-06
CITY_EAST GRAND RA,5.06446409352686e-06
CITY_St. George,4.945262800206891e-06
CITY_Rockville,4.9080277865378524e-06
CITY_Hinsdale,4.841445413756621e-06
CITY_Tarpon Springs,4.801334426742698e-06
CITY_Valatie,4.800030201136054e-06
CITY_South El Monte,4.753670131142934e-06
CITY_Puyallup,4.748902480079667e-06
CITY_Brookfield,4.744228380557274e-06
CITY_Enterprise,4.72565398914499e-06
CITY_Gilbert,4.704072365023204e-06
CITY_Sydney,4.699099561571248e-06
CITY_Driggs,4.695978699129555e-06
CITY_Laurel,4.653395243699254e-06
CITY_Spring Hill,4.504657855502225e-06
CITY_Troy,4.4987287275687965e-06
CITY_Coral Gables,4.476330571162956e-06
CITY_Quebec,4.454244284730703e-06
STATE_Wyoming,4.454234141096526e-06
CITY_Clearwater,4.443325152841721e-06
CITY_East Brunswick,4.440336615264066e-06
CITY_Indian Wells,4.402415303032667e-06
CITY_Centerbrook,4.341076592357374e-06
CITY_Haverhill,4.339092080763308e-06
CITY_Tulsa,4.31450730715924e-06
CITY_Sag Harbor,4.2550456287972315e-06
CITY_Cary,4.247862054528313e-06
CITY_Lansing,4.218816068325833e-06
STATE_Vermont,4.173756800575617e-06
CITY_Brenham,4.132826248819112e-06
CITY_Flint,4.124579002831935e-06
CITY_Carle Place,4.086278595695826e-06
CITY_Zwaagdijk-Oost,3.990743449106527e-06
CITY_Jackson,3.970991773638279e-06
CITY_Bountiful,3.922034755961236e-06
CITY_La Grange,3.916941395340068e-06
CITY_San Rafael,3.915535261685488e-06
CITY_Woodbridge,3.901141266648422e-06
CITY_Sunnyvale,3.891154097177733e-06
CITY_Wellesbourne,3.88559915317616e-06
CITY_Cleveland,3.826986260899259e-06
CITY_Clinton Township,3.760707197968836e-06
CITY_Hoboken,3.6509015689323514e-06
CITY_Monrovia,3.6467189214491817e-06
CITY_Chandler,3.5989222526222607e-06
CITY_Windermere,3.570363569293881e-06
CITY_Spring,3.4579804066201794e-06
CITY_Chesterfield,3.4551987470459665e-06
CITY_Silver Spring,3.336529706928171e-06
CITY_Hyattsville,3.298242076553416e-06
CITY_Tempe,3.2888321918566986e-06
CITY_Alicante,3.266119575722921e-06
CITY_Olney,3.2554271491606977e-06
CITY_Summit,3.2402564870339643e-06
CITY_Bentonville,3.182602835522872e-06
CITY_Tyler,3.178689414668066e-06
CITY_Minnetonka,3.15842787410415e-06
CITY_Fremont,3.1334268257043224e-06
CITY_Sheridan,3.131510922506506e-06
CITY_North Adelaide,3.110608203543609e-06
"CITY_Washington, D.C.",3.058683692140574e-06
CITY_Gaston,3.054072251202969e-06
CITY_Saint Petersburg,3.0392064504742406e-06
CITY_Darley Dale,3.0324271148267616e-06
CITY_Temperance,3.02485463777966e-06
CITY_Ypsilanti,3.024591465266017e-06
CITY_Countryside,3.0007296130342956e-06
CITY_Pleasant Hill,2.9452122118003154e-06
CITY_Kihei,2.94096252572583e-06
CITY_Springvale,2.90115996108284e-06
CITY_Defuniak Springs,2.821317213352902e-06
CITY_Morrisville,2.8071771159148342e-06
CITY_Bedford Hills,2.767702253239384e-06
CITY_Stockport,2.7338338713587347e-06
CITY_Sanger,2.731493032827507e-06
CITY_Frankfort,2.721520685765817e-06
CITY_Evans,2.671588095286507e-06
CITY_Cumming,2.6612232029147186e-06
STATE_Idaho,2.6516523368131235e-06
CITY_Patchogue,2.641758630290449e-06
STATE_West Virginia,2.6411067455453734e-06
CITY_Morristown,2.640636697601199e-06
CITY_Woodstock,2.6250927003620162e-06
CITY_Saint Ann,2.572862694463876e-06
CITY_Montgomeryville,2.5168351177170485e-06
CITY_Raytown,2.507627633012e-06
CITY_Roswell,2.5010192580722668e-06
CITY_Preston,2.458751037430215e-06
CITY_Belle Chasse,2.4182723814925288e-06
CITY_Evergreen,2.3905817632021203e-06
CITY_Eugene,2.38716217585237e-06
CITY_Celina,2.3860617984182585e-06
CITY_Boise,2.37238948288124e-06
CITY_Columbia,2.3676349038713594e-06
CITY_Munich,2.3608532514447906e-06
CITY_Warszawa,2.3282083123559665e-06
CITY_Durham,2.2945783600144337e-06
CITY_Garden City,2.269454457588466e-06
CITY_Burnsville,2.221295512344207e-06
CITY_Charlottesville,2.1490828930152445e-06
CITY_Holly Springs,2.1470799449797044e-06
CITY_Chatsworth,2.1295037634359576e-06
CITY_Langhorne,2.1194026188377367e-06
CITY_Greensboro,2.106842670408495e-06
CITY_Daytona Beach,2.1061055654957174e-06
CITY_Grand Rapids,2.088319809605211e-06
CITY_College Grove,2.058046433055844e-06
CITY_Santa Fe Springs,1.983328432001137e-06
CITY_Belvidere,1.974678098334246e-06
CITY_Rio de Janeiro,1.9330517588166887e-06
CITY_Wenatchee,1.9045832499546272e-06
CITY_Glendale,1.901203807115067e-06
CITY_Memphis,1.8644324715020428e-06
CITY_Laveen,1.8531943990725871e-06
CITY_Commerce City,1.844240734476251e-06
CITY_Scotch Plains,1.837943138177957e-06
CITY_Oakbrook Terrace,1.8231086403892307e-06
CITY_Potomac,1.8185297855885875e-06
CITY_Hillsboro,1.8064950377479954e-06
CITY_Russellville,1.784192246540662e-06
CITY_Farmingdale,1.7480308115820758e-06
CITY_Brandon,1.7463037182647241e-06
CITY_RCHO SANTA FE,1.7103775702957309e-06
CITY_Eastampton Township,1.6987730225144905e-06
CITY_Plan-les-Ouates,1.6636853792044723e-06
CITY_Santa Rosa Beach,1.6521650025307038e-06
CITY_Tewksbury,1.6408537510538314e-06
CITY_Centennial,1.633400734008803e-06
CITY_Des Moines,1.583115468702094e-06
CITY_Charlottetown,1.5776358875601755e-06
CITY_Virginia Gardens,1.5694150593959219e-06
CITY_Guadalajara,1.5541768472568238e-06
CITY_Tucker,1.5503439713978628e-06
CITY_Hamburg,1.5467056145920224e-06
CITY_West Jordan,1.5430645919398452e-06
CITY_Cham,1.5355870023975715e-06
CITY_Johnson City,1.4875658152497175e-06
CITY_Fairfax Station,1.471868335906126e-06
CITY_New Ulm,1.444221881389055e-06
CITY_Marshfield,1.4364586605368055e-06
CITY_Apex,1.4133304678025702e-06
CITY_Leola,1.40037563714295e-06
CITY_Longmont,1.3964493109502594e-06
CITY_Rye,1.3587445317928208e-06
CITY_Palm City,1.3581374467960382e-06
CITY_Reggio Calabria,1.3553121555965853e-06
CITY_Munster,1.3500070829670514e-06
CITY_Douglas,1.3466705918231114e-06
CITY_Fullerton,1.3457684702414811e-06
CITY_Purchase,1.3446148416183097e-06
CITY_Little Bay,1.3435305703643072e-06
CITY_Newbury Park,1.3133779131827715e-06
CITY_Los Alamitos,1.3013048889674847e-06
CITY_Tiburon,1.2984825909749172e-06
CITY_Mason,1.277343261492509e-06
CITY_Edwards,1.258737236546023e-06
CITY_Rheinmünster,1.2388150285028475e-06
CITY_Cape Girardeau,1.2385877922786286e-06
CITY_IJmuiden,1.2372978345288556e-06
CITY_American Fork,1.2254293193609666e-06
CITY_Marion,1.2102232453221444e-06
CITY_Neve Ilan,1.2096368941114363e-06
CITY_Briny Breezes,1.1869451782873943e-06
CITY_Dodge City,1.1844651135352827e-06
CITY_Townsend,1.1804798085340157e-06
CITY_Circleville,1.1793579424802537e-06
CITY_Royal Oak,1.1784588969059045e-06
CITY_Delray Beach,1.1783398989667718e-06
CITY_Fountain Valley,1.1640701731982554e-06
CITY_Renton,1.146288360845468e-06
CITY_Toledo,1.1442331017224053e-06
CITY_Charleston,1.129603131948772e-06
CITY_Glen Ellyn,1.128388037296601e-06
CITY_Donna,1.0997263279515087e-06
CITY_Austell,1.0995874388994454e-06
CITY_Annapolis,1.0866825278902326e-06
CITY_Altamonte Springs,1.0632185798443616e-06
CITY_Longview,1.0310491439943843e-06
CITY_Corona,1.0271720566341862e-06
CITY_Salem,9.894811955504495e-07
CITY_Monterey,9.749618680466607e-07
CITY_Momence,9.738307434460396e-07
CITY_Guetersloh,9.490690624523575e-07
CITY_Kentfield,9.39219473312664e-07
CITY_Stockton,9.377549504545073e-07
CITY_Pflugerville,9.27455920761776e-07
CITY_Eagle River,9.17148555732986e-07
CITY_Islamabad,9.132673291800246e-07
CITY_Roseville,8.998599913336473e-07
CITY_Kingsport,8.889121393935548e-07
sales tax,8.740029172613898e-07
CITY_Highlands,8.721762553232294e-07
CITY_Whitefish,8.711466870947688e-07
CITY_Oakdale,8.692637654986476e-07
CITY_Bend,8.686081023032154e-07
CITY_Ayden,8.61777797048722e-07
CITY_Port Orange,8.602700738553238e-07
CITY_Gainesville,8.591966677062241e-07
CITY_Excelsior,8.500130816028829e-07
CITY_Fukuoka,8.471414549920156e-07
CITY_Nevada City,8.469420237160884e-07
CITY_Sun City,8.369233691986867e-07
CITY_Valley Stream,8.088858837314848e-07
CITY_Friendswood,8.058174921409743e-07
CITY_Kent City,8.038995636338178e-07
CITY_Washington Dc,8.012027830268552e-07
CITY_Dubai,7.974509975323092e-07
CITY_Richardson,7.860359211503969e-07
CITY_Oceanside,7.843675503989531e-07
CITY_Addison,7.841124867502272e-07
CITY_East Northport,7.805113102694682e-07
CITY_Greenwich,7.744575735794833e-07
CITY_Hampton,7.658022482326454e-07
CITY_Lahore,7.577412845159595e-07
CITY_Redlands,7.547249827489488e-07
CITY_Mill Valley,7.395329478358186e-07
CITY_Ellsworth,7.300206031114923e-07
CITY_Wilson,7.223543236312377e-07
CITY_Shawnee,7.208637925064769e-07
CITY_Snowmass Village,7.018555438289218e-07
CITY_Ueruemqi,7.006630293109712e-07
CITY_Kailua Kona,6.903265269313778e-07
CITY_Inglewood,6.886232179855624e-07
CITY_Chapel Hill,6.879320050613559e-07
CITY_Milwaukee,6.672150061882126e-07
CITY_Salisbury,6.666903515491244e-07
CITY_Oshkosh,6.626282602880502e-07
CITY_Carl Junction,6.384489794577956e-07
CITY_Doral,6.376785140098172e-07
CITY_Maurice,6.375935492716173e-07
CITY_Oak Park,6.374365379346937e-07
CITY_Piraeus,6.360209841821873e-07
CITY_Leander,6.312352935116903e-07
CITY_Aventura,6.227540191879245e-07
CITY_Winston Salem,6.193838917826437e-07
CITY_Flower Mound,6.174161205873061e-07
CITY_Boone,6.131182926903028e-07
CITY_Westfield,6.008260912959224e-07
CITY_Fayetteville,5.790466353766887e-07
CITY_Juneau,5.695070657546083e-07
CITY_Barcelona,5.6924602831058e-07
CITY_Coral Springs,5.652363727019124e-07
CITY_Pennington,5.400123401927555e-07
CITY_Evanston,5.317940572903052e-07
CITY_Payson,5.307822325883393e-07
CITY_Wayneboro,5.259310629846635e-07
CITY_Mineola,5.216332465794447e-07
CITY_Bristol,5.165049582873096e-07
CITY_Lonsdale,5.141559885451374e-07
CITY_Lake Forest,5.12873693800475e-07
CITY_St. Joseph,4.975043555884398e-07
CITY_Mokena,4.900788560829362e-07
CITY_Pittsburg,4.889163257700043e-07
CITY_Hingham,4.830079669629882e-07
CITY_Waco,4.817977778238498e-07
CITY_Cyberjaya,4.778789060045884e-07
CITY_Bethel Park,4.7364100790367526e-07
CITY_Akron,4.679253390722831e-07
CITY_Anchorage,4.6115405803032423e-07
CITY_Idaho Falls,4.564413459149756e-07
CITY_Saginaw,4.4787429683864856e-07
CITY_Tenino,4.421482842456304e-07
CITY_Northbrook,4.3191322512761547e-07
CITY_Peoria,4.308645567329532e-07
CITY_Mexico City,4.2163565053352525e-07
CITY_Bath,4.127231272718341e-07
CITY_Brighton,4.096203518111845e-07
CITY_Newport,4.0482868394959915e-07
CITY_Eagan,3.9706002696796784e-07
CITY_Venice,3.9551139736407875e-07
CITY_Colorado Springs,3.9419701871727185e-07
CITY_Bryn Mawr,3.9305426131280047e-07
CITY_Layton,3.927112720753715e-07
CITY_Calabasas,3.9219718845052914e-07
CITY_Reading,3.9056510804640954e-07
CITY_Santa Rosa,3.899563415861912e-07
CITY_Bridgeport,3.8338259199397205e-07
CITY_Amherst,3.8238181208647144e-07
CITY_Brackney,3.7927070590661954e-07
CITY_Beaumont,3.753018930731649e-07
CITY_Hapert,3.742937412788024e-07
CITY_Franklin Township,3.737270181446553e-07
CITY_Armonk,3.668165826706514e-07
CITY_McKinney,3.6669661032859627e-07
CITY_Palm Springs,3.5757911451153476e-07
CITY_Saint Augustine,3.5111396127389106e-07
CITY_Glastonbury,3.4733458846950575e-07
CITY_Everett,3.471245098966808e-07
CITY_Fairport,3.45507919882551e-07
CITY_Vienna,3.437798999971987e-07
CITY_Bearcreek,3.4208050557177385e-07
CITY_Corinth,3.4141525300645167e-07
CITY_Fargo,3.364230739880657e-07
CITY_Colchester,3.343194059928515e-07
CITY_Youngstown,3.29783626520077e-07
CITY_Hyannis,3.22020524253873e-07
CITY_Norristown,3.1880340076129576e-07
CITY_Brockton,3.1716959363964903e-07
CITY_Hackensack,3.0223639242271653e-07
CITY_North Bethesda,3.020040568362326e-07
CITY_Victorville,2.96764326823949e-07
CITY_Clackamas,2.959687575767564e-07
CITY_Westbury,2.870995896148267e-07
CITY_Elkhart,2.850594132606702e-07
CITY_Sherrills Ford,2.824711746115967e-07
CITY_Lawrenceville,2.7687707344464613e-07
CITY_Skokie,2.731388021092401e-07
CITY_Van Nuys,2.7306288292369346e-07
CITY_Tumwater,2.7285627270004414e-07
CITY_Bethesda,2.725783900642824e-07
CITY_Conway,2.6442091797145825e-07
CITY_Benin City,2.6024372747449825e-07
CITY_Millinocket,2.5946957513422775e-07
CITY_Suffern,2.5764970934194983e-07
CITY_Half Moon Bay,2.5670598163532194e-07
CITY_Lakeville,2.5657289123896957e-07
CITY_Campbell,2.47023616714723e-07
CITY_Klamath Falls,2.441308134953102e-07
CITY_Kearny,2.420660622403209e-07
CITY_Vero Beach,2.4077339457024914e-07
CITY_Diamond Bar,2.3913557733766286e-07
CITY_White Plains,2.317385217474561e-07
CITY_San Marcos,2.26580994442388e-07
CITY_Kennewick,2.2543124449487438e-07
CITY_Camp Hill,2.2438397443144281e-07
CITY_Calhoun,2.202872613840736e-07
CITY_Maryville,2.189188685907828e-07
CITY_Santa Claus,2.1344698526549098e-07
CITY_South Haven,2.0545961464768035e-07
CITY_Zoetermeer,2.0514085267894338e-07
CITY_Hunstville,2.0405304107932744e-07
CITY_Omaha,2.0328477946667468e-07
CITY_Arlington Heights,2.0293449745311902e-07
CITY_Greenbelt,1.9650939919393057e-07
CITY_San Lorenzo,1.958280847145931e-07
CITY_Panama City,1.8832285543640777e-07
CITY_Huxley,1.8759863135171783e-07
CITY_Hudson,1.8744263475825292e-07
CITY_Anderson,1.8369621590062453e-07
CITY_Appleton,1.80994481366814e-07
CITY_Hutchinson,1.7547118547328898e-07
CITY_Fuquay Varina,1.7244847321934025e-07
CITY_New Smyrna Beach,1.6815852325937582e-07
CITY_Cupertino,1.631309580087126e-07
CITY_Firestone,1.6270016253254248e-07
CITY_Manchester,1.6058876958583792e-07
CITY_Edmond,1.6021746507037163e-07
CITY_Boonton,1.5887789387458257e-07
CITY_West Memphis,1.5646366015468047e-07
CITY_Burkburnett,1.556160902312024e-07
CITY_Southwest Ranches,1.548993907124495e-07
CITY_Virgin,1.5415762087049578e-07
CITY_Pinckney,1.5414752351115058e-07
CITY_Millbrae,1.5412269017454927e-07
CITY_Pendroy,1.5393577884370665e-07
CITY_Los Gatos,1.4860628897147645e-07
CITY_Cardiff,1.4477450767632768e-07
CITY_N. Palm Beach,1.4458902129474962e-07
CITY_Hartford,1.4183712588940498e-07
CITY_Sandton,1.4137502918861913e-07
CITY_Westminster,1.3960398005725124e-07
CITY_Hartford City,1.3706735004496018e-07
CITY_Danville,1.323705079264793e-07
CITY_St Albans,1.2817123445042535e-07
CITY_Bluffdale,1.261809132048863e-07
CITY_Ivins,1.2459199369227387e-07
CITY_Oceano,1.22711952152784e-07
CITY_St. Augustine,1.2052730589540067e-07
CITY_Palatine,1.204640685379724e-07
MASTER_COMPANY_SIZE_1900,1.191345347528091e-07
CITY_Long Island City,1.1801424402619586e-07
CITY_Pine,1.1542324531343377e-07
MASTER_COMPANY_SIZE_133,1.1466653410444486e-07
CITY_Coralville,1.1455327452931893e-07
CITY_Brooksville,1.1447346146209951e-07
CITY_Gallup,1.1316052528837856e-07
CITY_Whitehall,1.1276769460735988e-07
CITY_Grants Pass,1.1263567365187003e-07
CITY_Flanders,1.1048746820736214e-07
CITY_North Hollywood,1.0848816498262148e-07
CITY_Walnut Creek,1.0691049466414698e-07
CITY_Sandy,1.0577093268459022e-07
CITY_Woodbury,1.0563471013063968e-07
CITY_Owings Mills,1.0273400515106636e-07
CITY_S. Miami,1.0192399333337342e-07
CITY_Laredo,1.0009586406116647e-07
CITY_Cochrane,9.893984828484007e-08
CITY_Iselin,9.806117316624121e-08
CITY_Shubuta,9.593870051854992e-08
CITY_Lake Success,9.503625524854295e-08
CITY_Rancho Santa Margarita,9.198584009025817e-08
CITY_La Crosse,9.196931724818855e-08
CITY_Ijamsville,9.132049477632522e-08
CITY_Keene,9.002195233981249e-08
CITY_Gresham,8.683535301627627e-08
CITY_Morris Plains,8.648152723964809e-08
CITY_Hialeah,8.613249721263148e-08
CITY_Cibolo,8.586895694388607e-08
CITY_Gorham,8.197649880142242e-08
CITY_Freehold,7.861693254695437e-08
CITY_Goleta,7.777306360005698e-08
CITY_Maple Plain,7.628480250386534e-08
CITY_Lynnfield,7.584937629885201e-08
CITY_Laguna Hills,7.483231109516469e-08
CITY_Delhi,7.445970164973958e-08
CITY_Margate City,7.431320005723559e-08
CITY_Linthicum,7.327985541534898e-08
CITY_Havertown,7.119435157513802e-08
CITY_Cape Coral,7.027025811680062e-08
CITY_Lynn,6.931257487351871e-08
CITY_Wenachee,6.767778688559403e-08
CITY_Davidson,6.680871091256889e-08
CITY_Midland,6.639994284817284e-08
CITY_Wyckoff,6.543915484885863e-08
CITY_Morgantown,6.453060009906399e-08
CITY_New Brunswick,6.19471242451129e-08
CITY_Montreal,6.171688913398664e-08
CITY_Turlock,6.167985873162985e-08
CITY_Auburn Hills,6.094443314683919e-08
CITY_Faber,6.091132632004392e-08
CITY_Monroe,5.98410179183347e-08
CITY_Nanuet,5.9533070048360575e-08
CITY_Belém,5.884388822632426e-08
CITY_Ramona,5.80061715104038e-08
CITY_Vicksburg,5.583206597110873e-08
CITY_Carol Stream,5.5762636709437895e-08
CITY_Stigler,5.255361304065809e-08
CITY_Holmes Beach,5.049730634394105e-08
CITY_Rapid City,4.999824280997978e-08
CITY_Mumbai,4.871393397386908e-08
CITY_Great Neck,4.853579219163847e-08
CITY_Leominster,4.8297996940313224e-08
CITY_Santa Maria,4.359794686315385e-08
CITY_San Gabriel,4.336219444984253e-08
CITY_Syracuse,4.3176732005453434e-08
CITY_San Anselmo,3.665253405998894e-08
CITY_Nampa,3.6073380974323567e-08
CITY_Glen Cove,3.586302422263367e-08
CITY_Warrington,3.555819846167769e-08
CITY_Eagle,3.5122641183016084e-08
CITY_Solon,3.428143059222136e-08
CITY_Mount St Joseph,3.425191114079309e-08
CITY_Westlake,3.2902549264755896e-08
CITY_Ramseur,3.259592110261958e-08
CITY_Penrith,3.2281124215014426e-08
CITY_Jeffersonville,3.1035586643697515e-08
CITY_Oslo,3.080343128288752e-08
CITY_Macon,2.9782930592821492e-08
STATE_North Dakota,2.926271014912897e-08
CITY_Lakewood Township,2.8624381810327067e-08
CITY_Oneonta,2.7824577684606416e-08
CITY_Suwanee,2.781712061706897e-08
CITY_Ridgeland,2.750451753798267e-08
CITY_Sunrise,2.7270683494051886e-08
CITY_South San Francisco,2.662792598172749e-08
CITY_North Miami,2.5815946467348996e-08
CITY_Clarksburg,2.3242433025843822e-08
CITY_Cobleskill,2.2674773883212325e-08
CITY_Jericho,2.2582596564971067e-08
CITY_Arcadia,2.2324563873313087e-08
CITY_Farmers Branch,2.2141243236195393e-08
CITY_Youngsville,2.183371119275473e-08
CITY_Marcq-En-Baroeul,2.1112115467691016e-08
CITY_Lutz,2.0375266818434125e-08
CITY_Belfast,2.0030525676179354e-08
CITY_Danvers,1.9760897837365543e-08
CITY_Pelham,1.972223460887855e-08
CITY_Benbrook,1.969179955548648e-08
CITY_Martinsville,1.8639691541891572e-08
CITY_Towson,1.7946418444642668e-08
CITY_Gingelom,1.7342036384058147e-08
CITY_Cranberry Township,1.721610842564654e-08
CITY_Hoffman Estates,1.6844281587621446e-08
CITY_Kapaʻa,1.6514147959469757e-08
CITY_Kalamazoo,1.6206013470764343e-08
CITY_Mt. Prospect,1.5962915769451226e-08
CITY_Zamudio,1.5780898652147026e-08
CITY_Kingston,1.5679828727427025e-08
CITY_Glendora,1.5575249910758623e-08
CITY_Brewer,1.5187941923156736e-08
CITY_Westborough,1.502294282875604e-08
CITY_Tallahassee,1.4684550853074533e-08
CITY_Lewes,1.4244081005911535e-08
CITY_Laguna Niguel,1.4127355252019057e-08
CITY_Alpine,1.4026913678109806e-08
CITY_San Ramon,1.4021925705610324e-08
CITY_Belleville,1.368234864596427e-08
CITY_TIMONIUM,1.3180272930502966e-08
CITY_Eatonton,1.29703773015256e-08
MASTER_COMPANY_SIZE_195,1.2803825216695936e-08
CITY_Wayzata,1.2385182582845235e-08
CITY_Leesburg,1.2278186007648414e-08
CITY_Even,1.2203328232801482e-08
CITY_Utica,1.1711985181652793e-08
CITY_Trumbull,1.1689188517317667e-08
CITY_Gary,1.1481201854405e-08
CITY_Melville,1.1314574729949575e-08
CITY_La Verne,1.1277340295643946e-08
CITY_The Woodlands,1.1146922882178024e-08
CITY_Bonifay,1.1082526378881654e-08
CITY_San Luis Obispo,1.0824502653412066e-08
CITY_Danbury,1.0817134432290137e-08
CITY_Capitol Heights,1.063680167655058e-08
CITY_Manitowoc,1.0244360039655538e-08
CITY_New Port Richey,1.0173511326475054e-08
CITY_Scotia,1.0076357157101191e-08
CITY_Scarsdale,9.953775207997844e-09
CITY_Stockbridge,9.950002637219214e-09
CITY_Frederick,9.907822199130535e-09
CITY_Woodside,9.880392188969119e-09
CITY_Charlestown,9.770663665053089e-09
CITY_Roseburg,9.534856434754258e-09
CITY_Aiken,9.377917677745342e-09
CITY_Mobile,9.192996393419698e-09
CITY_Polson,9.102326650292787e-09
CITY_Waterford,9.05925549181351e-09
CITY_Ada,8.9945745167143e-09
CITY_Lake Oswego,8.77503731796147e-09
CITY_Malden,8.630556337164701e-09
CITY_Pace,7.716578928719286e-09
CITY_Sidney,7.708241413734941e-09
CITY_Chagrin Falls,7.498774476285037e-09
CITY_Hauppauge,7.458830323675308e-09
CITY_Greencastle,7.307722956766039e-09
CITY_Fountain Hills,7.282448910082138e-09
CITY_Fairview,7.24531354006452e-09
CITY_Sandusky,7.230835825223684e-09
CITY_Asheville,7.191129524511788e-09
CITY_Garland,7.1469569006246675e-09
MASTER_COMPANY_SIZE_86,7.116914981833172e-09
CITY_Auburn,6.904593011903251e-09
CITY_Chelmsford,6.858043912111732e-09
CITY_Takoma Park,6.662327178536023e-09
CITY_Huntersville,6.481117770793023e-09
CITY_Bridgeville,6.404594247458234e-09
CITY_Chesapeake,5.988788128781881e-09
CITY_Kennett Square,5.98329535734684e-09
CITY_Sandy Spring,5.8270100897601895e-09
CITY_N. Bergen,5.739127858416651e-09
CITY_Pomona,5.688363310089048e-09
CITY_Paducah,5.553755783995453e-09
CITY_Cypress,5.4359545515468015e-09
CITY_Germantown,5.283806097991847e-09
CITY_Pleasant Grove,5.27791995846685e-09
CITY_Walnut,5.033241974415366e-09
CITY_Santa Fe,5.02480485180955e-09
CITY_Augsburg,4.930568145254224e-09
CITY_Golden,4.578063683291912e-09
CITY_Metairie,4.53340142886787e-09
CITY_Ord,4.532856211936571e-09
CITY_Pearland,4.5026089277379104e-09
CITY_Lake City,4.49486686692576e-09
CITY_Riverbank,4.461986438181241e-09
CITY_Middleburg,4.383531819435841e-09
CITY_Live Oak,4.148955611960768e-09
CITY_Lewisburg,4.010895000389152e-09
CITY_El Monte,3.881876623388559e-09
CITY_Ontario,3.709712742927087e-09
CITY_King of Prussia,3.6727711059543768e-09
CITY_Ayer,3.6679084495006397e-09
CITY_Humble,3.504660246152741e-09
CITY_Galveston,3.48762908874223e-09
CITY_Kernersville,3.406356120943416e-09
CITY_E. Gwillimbury,3.400445936622402e-09
CITY_Mohnton,3.3588434978383097e-09
CITY_Rotterdam,3.2808656004796017e-09
CITY_Holts Summit,3.198376907038086e-09
CITY_Amarillo,3.190351794735781e-09
CITY_Fort Collins,3.0620642264016904e-09
CITY_Bryan,3.043572235814124e-09
CITY_Fall River,3.0306163160347664e-09
CITY_Friday Harbor,2.974427036976417e-09
CITY_Watertown,2.872187453329122e-09
CITY_Greenwood Village,2.829007240427369e-09
CITY_Aspen Hill,2.8005090048785483e-09
CITY_Sugar Land,2.692500150457123e-09
CITY_Pacific,2.6884398262483324e-09
CITY_Whistler,2.657228131056293e-09
CITY_Fairbury,2.588584486399515e-09
CITY_Maple Shade,2.493032553103309e-09
CITY_De Leon,2.4594147295790636e-09
CITY_Seaside Park,2.4547259601526066e-09
CITY_Tustin,2.4188659844213613e-09
CITY_Thornhill,2.3573414039492494e-09
CITY_Ft. Collins,2.3084324468429804e-09
CITY_Waltham,2.3013901564138486e-09
CITY_Mount Pleasant,2.2097779479102477e-09
CITY_Mendon,2.1708413985658396e-09
CITY_Stevensville,2.104321368305345e-09
CITY_Enoree,2.0679174037101673e-09
CITY_Deer Park,2.063407956470917e-09
CITY_Ar Rayyan,2.0307559692104736e-09
CITY_Garfield Heights,2.0261457778583648e-09
CITY_Bexley,2.0166546605415557e-09
CITY_Palm Desert,1.9750933689039803e-09
CITY_Beaverton,1.9141500901005147e-09
CITY_Flagstaff,1.8723093239731884e-09
CITY_North Olmsted,1.8650748992867647e-09
CITY_Westchester,1.8556360055996149e-09
CITY_Broadview Heights,1.807288430838157e-09
CITY_Bee Cave,1.7520522103682226e-09
CITY_Gotha,1.7212492914743915e-09
MASTER_COMPANY_SIZE_8,1.7070423589319776e-09
CITY_Stevens Point,1.6654663955481846e-09
CITY_Lees Summit,1.6540970025519382e-09
CITY_San Pedro,1.6475369222626976e-09
CITY_Escondido,1.6152254108326684e-09
CITY_Cheyenne,1.5828577000554804e-09
CITY_Weare,1.5646872471930824e-09
CITY_Round Rock,1.5423800889739283e-09
CITY_Rockledge,1.5395255543645505e-09
CITY_Franklin,1.5370708289372436e-09
CITY_Kent,1.4620588636099975e-09
CITY_North Saanich,1.4585992194790379e-09
CITY_Harleysville,1.4400138076421559e-09
CITY_Merritt Island,1.3858003467234807e-09
CITY_Luxembourg,1.3579464312274557e-09
CITY_Downers Grove,1.3156612785524837e-09
CITY_Alamosa,1.2439246558451858e-09
CITY_Wilkes Barre,1.2025630391888734e-09
CITY_Fairfield,1.191739062671034e-09
CITY_Rego Park,1.171660922614891e-09
CITY_Chester,1.1509941886797495e-09
CITY_Ridgefield,1.132722577229876e-09
CITY_Albion,1.129844087563073e-09
CITY_Alhambra,1.0989478120288898e-09
CITY_Bishop,1.069599356159131e-09
CITY_Anacortes,1.0636051320732288e-09
CITY_Landover,1.0531082816027194e-09
CITY_Lamont,1.0418784967216e-09
CITY_West Sacramento,1.0190766777632677e-09
CITY_Winter Garden,1.007219142399581e-09
CITY_Newport News,9.989303408211656e-10
CITY_Avon,9.891275119822314e-10
CITY_Clovis,9.8166555519835e-10
CITY_Caledonia,9.545860386947882e-10
CITY_Saugus,9.52610818209951e-10
CITY_Colorado City,9.254915454007079e-10
CITY_Hilton Head Island,8.337292385874744e-10
CITY_Lyons,8.331395959993246e-10
CITY_Wielsbeke,8.253059654126358e-10
CITY_Jupiter,8.000622524962277e-10
CITY_Tuscola,7.650638161439707e-10
CITY_Chestertown,7.528671900370127e-10
CITY_Fitchburg,7.465460614236695e-10
CITY_Newburyport,6.832830942718023e-10
CITY_Ronkonkoma,6.82507865742558e-10
CITY_Sanford,6.498566534928629e-10
CITY_Hillside,6.303711724297727e-10
CITY_E. Brunswick,6.222929582071807e-10
CITY_Lindenwold,6.079004912892712e-10
CITY_Wake Forest,6.073939921982546e-10
CITY_Hagerstown,5.716936337282076e-10
CITY_Bowling Green,5.642336185303816e-10
CITY_Phoenixville,5.622367500426072e-10
CITY_Ripley,5.617609152669859e-10
CITY_Pleasanton,5.541978176933661e-10
CITY_Garden Grove,5.399797897906306e-10
CITY_Louisa,5.237636587312864e-10
CITY_Boothwyn,5.17958647039433e-10
CITY_La Jolla,5.171109718724004e-10
CITY_Sedalia,5.098987312310287e-10
CITY_Sykesville,4.959575466083706e-10
CITY_Tonawanda,4.893675845828065e-10
CITY_Milford,4.567762183057096e-10
CITY_Urbandale,4.5225493805999123e-10
CITY_Wingdale,4.486772244679186e-10
CITY_Lynden,4.461192015960581e-10
CITY_Montrose,4.415620249782684e-10
CITY_Warwick,4.4034298281354064e-10
CITY_Bonham,4.1261578192954647e-10
MASTER_COMPANY_SIZE_4,4.0038451632819095e-10
CITY_Buena Park,3.9864405743387023e-10
CITY_Darwin,3.6972645959577283e-10
CITY_Woods Cross,3.6501800217666584e-10
CITY_Winamac,3.568057031862657e-10
CITY_Landenberg,3.381994574278483e-10
CITY_Broomfield,3.295335619707885e-10
CITY_Schererville,3.238568463204659e-10
MASTER_COMPANY_SIZE_19,3.174949598077841e-10
CITY_Hoover,3.1262284089807267e-10
CITY_Paradise,3.087939631797588e-10
CITY_Yorktown,3.0595875667645546e-10
CITY_Mission Viejo,3.012900144247681e-10
CITY_Streamwood,2.9332255988907824e-10
CITY_Lander,2.499755145889271e-10
CITY_West Hollywood,2.3552150035645254e-10
CITY_Rosemont,2.2866528927517857e-10
CITY_Chanhassen,1.9912015893546784e-10
CITY_Conyers,1.9499576858463855e-10
CITY_Foothill Ranch,1.8149591325025207e-10
CITY_Palm Harbor,1.8027975128298724e-10
CITY_Tamarac,1.7353731151207485e-10
CITY_Monahans,1.5270024902611185e-10
MASTER_COMPANY_SIZE_192,1.5256285575808502e-10
CITY_Severna Park,1.5123719620159596e-10
CITY_McHenry,1.4978334188988735e-10
CITY_Selbyville,1.4090055997274265e-10
CITY_Romeoville,1.3826336882883337e-10
CITY_Missoula,1.3123401842271644e-10
CITY_Warrenton,1.1371829419551164e-10
CITY_Dyersburg,1.0520526088087947e-10
CITY_Lincolnshire,9.734873678224356e-11
CITY_N. Salem,9.67678785458833e-11
CITY_Fishersville,9.651030875597212e-11
CITY_Effingham,7.791409755054637e-11
CITY_Seminole,7.25368341330915e-11
CITY_Blossburg,6.616642675123236e-11
CITY_Huntington Station,6.290688833294575e-11
CITY_Ashland,4.6955022479338495e-12
CITY_Winooski,0.0
CITY_Beaver Dam,0.0
CITY_Maywood,0.0
CITY_Claremont,0.0
CITY_Port Richey,0.0
CITY_Slough,0.0
CITY_Dunchurch,0.0
CITY_National Harbor,0.0
CITY_Wilsonville,0.0
CITY_Silverton,0.0
CITY_Solana Beach,0.0
CITY_Woodland,0.0
CITY_Kenilworth,0.0
CITY_League City,0.0
CITY_Gaithersburg,0.0
CITY_Commack,0.0
CITY_South Portland,0.0
CITY_Lecompte,0.0
CITY_Zionsville,0.0
CITY_Williamsburg,0.0
data,0.0
CITY_Sycamore,0.0
CITY_Yuma,0.0
CITY_Conway Springs,0.0
CITY_Getzville,0.0
CITY_Stacy,0.0
CITY_Leicester,0.0
CITY_Delaware,0.0
CITY_Hosingen,0.0
CITY_Christchurch,0.0
CITY_Sedona,0.0
CITY_Chatham,0.0
CITY_Jamesburg,0.0
CITY_Edmonds,0.0
CITY_Vineland,0.0
CITY_Peekskill,0.0
CITY_Lansdale,0.0
CITY_Virginia Beach,0.0
CITY_Nyc,0.0
CITY_Ardmore,0.0
CITY_Rydal,0.0
CITY_Edina,0.0
CITY_S. Hackensack,0.0
CITY_Appomattox,0.0
CITY_Stockholm,0.0
CITY_Safety Harbor,0.0
CITY_Rolling Meadows,0.0
CITY_Happy Valley,0.0
CITY_Havre De Grace,0.0
CITY_Ridley Park,0.0
CITY_McLean,0.0
CITY_Cedar Park,0.0
CITY_Makawao,0.0
CITY_Ridgewood,0.0
CITY_Fredericksburg,0.0
CITY_Seaford,0.0
CITY_Buena Vista,0.0
CITY_West Roxbury,0.0
CITY_Grand Prairie,0.0
CITY_Burr Ridge,0.0
CITY_Graham,0.0
CITY_Enfield,0.0
CITY_Athens,0.0
CITY_Santo Domingo,0.0
CITY_Oviedo,0.0
